   ,links
0  ,http://www.comidadibuteco.com.br/400-steak-club/
1  ,http://www.comidadibuteco.com.br/adega-perola/
2  ,http://www.comidadibuteco.com.br/angurme/
3  ,http://www.comidadibuteco.com.br/areias-de-itacoatiara/
4  ,http://www.comidadibuteco.com.br/armazem-sao-thiago-bar-do-gomes/
5  ,http://www.comidadibuteco.com.br/art-chopp/
6  ,http://www.comidadibuteco.com.br/baixo-araguaia/
7  ,http://www.comidadibuteco.com.br/baixo-gago/
8  ,http://www.comidadibuteco.com.br/balaio-do-ze/
9  ,http://www.comidadibuteco.com.br/balbino-delicia-de-costela/
10 ,http://www.comidadibuteco.com.br/bar-da-gema/
11 ,http://www.comidadibuteco.com.br/bar-da-laura/
12 ,http://www.comidadibuteco.com.br/bar-da-portuguesa/
13 ,http://www.comidadibuteco.com.br/bar-do-david/
14 ,http://www.comidadibuteco.com.br/bar-do-elson/
15 ,http://www.comidadibuteco.com.br/bar-do-gallo/
16 ,http://www.comidadibuteco.com.br/bar-do-jorginho/
17 ,http://www.comidadibuteco.com.br/bar-do-mariano/
18 ,http://www.comidadibuteco.com.br/bar-do-mineiro/
19 ,http://www.comidadibuteco.com.br/bar-do-momo/
20 ,http://www.comidadibuteco.com.br/bar-do-omar/
21 ,http://www.comidadibuteco.com.br/bar-do-pernambuco/
22 ,http://www.comidadibuteco.com.br/bar-do-tino/
23 ,http://www.comidadibuteco.com.br/bar-du-barao/
24 ,http://www.comidadibuteco.com.br/bar-palhinha/
25 ,http://www.comidadibuteco.com.br/bar-sambodromo/
26 ,http://www.comidadibuteco.com.br/bar-santo-remedio/
27 ,http://www.comidadibuteco.com.br/bar-simplesmente/
28 ,http://www.comidadibuteco.com.br/berton-botequim-e-restaurante/
29 ,http://www.comidadibuteco.com.br/biroska-do-camarao/
30 ,http://www.comidadibuteco.com.br/bistro-aconchego/
31 ,http://www.comidadibuteco.com.br/bobo-bar/
32 ,http://www.comidadibuteco.com.br/bode-cheiroso/
33 ,http://www.comidadibuteco.com.br/boemia-social-clube/
34 ,http://www.comidadibuteco.com.br/booze-bar/
35 ,http://www.comidadibuteco.com.br/boteco-bendito-jamon/
36 ,http://www.comidadibuteco.com.br/boteco-carioquinha/
37 ,http://www.comidadibuteco.com.br/boteco-do-lobo/
38 ,http://www.comidadibuteco.com.br/boteco-do-raoni/
39 ,http://www.comidadibuteco.com.br/boteco-do-teixeira/
40 ,http://www.comidadibuteco.com.br/boteco-vou-demais/
41 ,http://www.comidadibuteco.com.br/botequim-chega-mais/
42 ,http://www.comidadibuteco.com.br/botequim-rio-antigo/
43 ,http://www.comidadibuteco.com.br/brazuca/
44 ,http://www.comidadibuteco.com.br/buteco-do-portuga/
45 ,http://www.comidadibuteco.com.br/buteco-maria-flor/
46 ,http://www.comidadibuteco.com.br/buteko-em-nome-do-pai-e-do-filho/
47 ,http://www.comidadibuteco.com.br/cachambeer/
48 ,http://www.comidadibuteco.com.br/caldo-de-pinto/
49 ,http://www.comidadibuteco.com.br/caneco-85/
50 ,http://www.comidadibuteco.com.br/carpaccio/
51 ,http://www.comidadibuteco.com.br/casa-da-sogra/
52 ,http://www.comidadibuteco.com.br/casa-do-galeto/
53 ,http://www.comidadibuteco.com.br/cevina/
54 ,http://www.comidadibuteco.com.br/cine-botequim/
55 ,http://www.comidadibuteco.com.br/coletivo-bar/
56 ,http://www.comidadibuteco.com.br/contemporaneo-lapa/
57 ,http://www.comidadibuteco.com.br/costelas/
58 ,http://www.comidadibuteco.com.br/deck-bar-e-restaurante/
59 ,http://www.comidadibuteco.com.br/deza-botequim/
60 ,http://www.comidadibuteco.com.br/dida-bar/
61 ,http://www.comidadibuteco.com.br/dom-pedro/
62 ,http://www.comidadibuteco.com.br/edinho-do-caranguejo/
63 ,http://www.comidadibuteco.com.br/emporio-da-ovelha/
64 ,http://www.comidadibuteco.com.br/emporio-do-bacalhau/
65 ,http://www.comidadibuteco.com.br/emporio-quintana-boteco/
66 ,http://www.comidadibuteco.com.br/emporio-santa-oliva/
67 ,http://www.comidadibuteco.com.br/enchendo-linguica/
68 ,http://www.comidadibuteco.com.br/folia-do-boi/
69 ,http://www.comidadibuteco.com.br/galpao-gourmet-gg/
70 ,http://www.comidadibuteco.com.br/gato-de-botas/
71 ,http://www.comidadibuteco.com.br/granel/
72 ,http://www.comidadibuteco.com.br/hora-extra/
73 ,http://www.comidadibuteco.com.br/ilha-do-sol/
74 ,http://www.comidadibuteco.com.br/liceu-grill/
75 ,http://www.comidadibuteco.com.br/maracuya/
76 ,http://www.comidadibuteco.com.br/minha-joia/
77 ,http://www.comidadibuteco.com.br/mr-meat/
78 ,http://www.comidadibuteco.com.br/nasceu-do-sol/
79 ,http://www.comidadibuteco.com.br/noo-cachacaria/
80 ,http://www.comidadibuteco.com.br/oficina-do-crepe/
81 ,http://www.comidadibuteco.com.br/os-imortais/
82 ,http://www.comidadibuteco.com.br/palitus-bar/
83 ,http://www.comidadibuteco.com.br/pasta-da-nonna/
84 ,http://www.comidadibuteco.com.br/pastelaria-do-lido/
85 ,http://www.comidadibuteco.com.br/pescados-na-brasa/
86 ,http://www.comidadibuteco.com.br/princesa-da-lapa/
87 ,http://www.comidadibuteco.com.br/quintal-do-peter-espetaria/
88 ,http://www.comidadibuteco.com.br/quintal-do-stuart/
89 ,http://www.comidadibuteco.com.br/real-chopp/
90 ,http://www.comidadibuteco.com.br/rei-do-bacalhau/
91 ,http://www.comidadibuteco.com.br/ruanita/
92 ,http://www.comidadibuteco.com.br/salete/
93 ,http://www.comidadibuteco.com.br/santa-garrafa/
94 ,http://www.comidadibuteco.com.br/simples-assim/
95 ,http://www.comidadibuteco.com.br/tasca-carvalho/
96 ,http://www.comidadibuteco.com.br/tibar/
97 ,http://www.comidadibuteco.com.br/to-careca-de-saber/
98 ,http://www.comidadibuteco.com.br/umas-e-ostras/
99 ,http://www.comidadibuteco.com.br/vint-2-bar/
100,http://www.comidadibuteco.com.br/zeca-fc/
101,http://www.comidadibuteco.com.br/zecas-paqueta/
102,http://www.comidadibuteco.com.br/zezimbar/
103,http://www.comidadibuteco.com.br/zinho-bier/
