Ido,Restaurante,Prato,Descrição,Nota (1 a 5),Endereço,Bairro,Como chegar,Link,Telefone,Horários
FALSE,400 Steak Club,Pãozinho de Cupim,"Um delicioso pão de alho crocante, recheado com cupim e uma receita pra lá de especial.",,"Rua Jambeiro, 400 – Loja | Vila Valqueire, Rio de Janeiro – RJ",Vila Valqueire,"https://www.google.com/maps/search/?api=1&query=Rua%20Jambeiro,%20400%20–%20Loja%20|%20Vila%20Valqueire,%20Rio%20de%20Janeiro%20–%20RJ",http://www.comidadibuteco.com.br/400-steak-club/,(21) 3579-1497,"Segundas, das 12h às 24hTerças, das 12h às 24hQuartas, das 12h às 24hQuintas, das 12h às 24hSextas, das 12h às 24hSábados, das 12h às 24hDomingos, das 12h às 24h"
FALSE,Adega Pérola,Tilápia Mediterrânea,Tilápia empanada e molho mediterrâneo – acompanha homus e pão árabe.,,"Siqueira Campos, 138 – A | Copacabana, Rio de Janeiro – RJ",Copacabana,"https://www.google.com/maps/search/?api=1&query=Siqueira%20Campos,%20138%20–%20A%20|%20Copacabana,%20Rio%20de%20Janeiro%20–%20RJ",http://www.comidadibuteco.com.br/adega-perola/,(21) 2255-9425,"Segundas, das 11h à 1hTerças, das 11h à 1hQuartas, das 11h à 1hQuintas, das 11h à 1hSextas, das 11h à 1hSábados, das 11h à 1h"
FALSE,Angurmê,Borogodó de Fubá à Baiana do Cais do Valongo,"Croquetes de fubá com miúdos bovinos, rabada e bacon, acompanhados de geleia de pimenta, molho de mostarda e pasta de agrião.",,"Rua Visconde de Abaeté, 123 | Vila Isabel, Rio de Janeiro – RJ",Vila Isabel,"https://www.google.com/maps/search/?api=1&query=Rua%20Visconde%20de%20Abaeté,%20123%20|%20Vila%20Isabel,%20Rio%20de%20Janeiro%20–%20RJ",http://www.comidadibuteco.com.br/angurme/,(21) 99202-9229,"Quartas, das 12h às 24h Quintas, das 12h às 24h Sextas, das 12h às 24h Sábados, das 12h às 24h Domingos, das 12h às 24h"
FALSE,Areias de Itacoatiara,Mix Mineiro,"2 Bolinhos de carne seca com requeijão e queijo minas, e 2 de linguiça mineira com requeijão e queijo minas. Acompanhados de chips de aipim e pesto de pimenta biquinho.",,"Estrada Francisco da Cruz Nunes, 11500 | Itaipu, Niterói – RJ",Itaipu,"https://www.google.com/maps/search/?api=1&query=Estrada%20Francisco%20da%20Cruz%20Nunes,%2011500%20|%20Itaipu,%20Niterói%20–%20RJ",http://www.comidadibuteco.com.br/areias-de-itacoatiara/,(21) 3628-4427,"Segundas, das 11h à 1hTerças, das 11h à 1hQuartas, das 11h à 1hQuintas, das 11h à 1hSextas, das 11h à 1hSábados, das 11h à 1hDomingos, das 11h à 1h"
FALSE,Armazém São Thiago / Bar do Gomes,Hamburguinho de botequim,"Hamburguinho de batata-doce e recheio de costela bovina, com barriga de porco, molho gorgonzola.",,"Rua Áurea, 26 – Loja | Santa Teresa, Rio de Janeiro – RJ",Santa Teresa,"https://www.google.com/maps/search/?api=1&query=Rua%20Áurea,%2026%20–%20Loja%20|%20Santa%20Teresa,%20Rio%20de%20Janeiro%20–%20RJ",http://www.comidadibuteco.com.br/armazem-sao-thiago-bar-do-gomes/,(21) 2232-0822,"Segundas, das 16h às 24hTerças, das 16h às 24hQuartas, das 16h às 24hQuintas, das 16h às 24hSextas, das 12h às 24hSábados, das 12h às 24hDomingos, das 12h às 23h"
FALSE,Art Chopp,Nosso Porquinho deu Cuscuz!,"Copa lombo defumado em lenha de macieira, desfiado e servido com farofa de cuscuz nordestino.",,"Rua Estrada Macembu, 63 | Taquara, Rio de Janeiro – RJ",Taquara,"https://www.google.com/maps/search/?api=1&query=Rua%20Estrada%20Macembu,%2063%20|%20Taquara,%20Rio%20de%20Janeiro%20–%20RJ",http://www.comidadibuteco.com.br/art-chopp/,(21) 99566-8424,"Terças, das 17h à 0h30Quartas, das 17h à 0h30Quintas, das 17h à 0h30Sextas, das 17h à 0h30Sábados, das 12h à 0h30Domingos, das 12h às 24h"
FALSE,Baixo Araguaia,Entrevero Carioca,"Espeto com deliciosa mistura de carnes e defumados acompanhados de abacaxi, farofa de bacon e vinagrete.",,"Endereço: Rua Araguaia, 1709 | Freguesia de Jacarepaguá, Rio de Janeiro – RJ",Freguesia de Jacarepaguá,"https://www.google.com/maps/search/?api=1&query=Endereço:%20Rua%20Araguaia,%201709%20|%20Freguesia%20de%20Jacarepaguá,%20Rio%20de%20Janeiro%20–%20RJ",http://www.comidadibuteco.com.br/baixo-araguaia/,(21) 3392-3760,"Segundas, das 18h às 24hTerças, das 18h às 24hQuartas, das 18h às 24hQuintas, das 18h às 24hSextas, das 18h às 24hSábados, das 12h às 24hDomingos, das 12h às 22h"
FALSE,Baixo Gago,Amoela,"Moela à milanesa com crispy de couve, acompanhado de tutu levemente apimentado.",,"Rua Gago Coutinho, 51, 51 | Laranjeiras, Rio de Janeiro – RJ",Laranjeiras,"https://www.google.com/maps/search/?api=1&query=Rua%20Gago%20Coutinho,%2051,%2051%20|%20Laranjeiras,%20Rio%20de%20Janeiro%20–%20RJ",http://www.comidadibuteco.com.br/baixo-gago/,(21) 2556-0638,"Segundas, das 11h às 22hTerças, das 11h às 22hQuartas, das 11h às 24hQuintas, das 11h às 24hSextas, das 11h às 24hSábados, das 11h às 24hDomingos, das 11h às 18h"
FALSE,Balaio do Zé,Balainhos Confitados do Zé,"Massa tenra crocante recheada com creme de queijo, filés de pescados confitados com tomatinho e cebola em azeite de ervas e especiarias.",,"Travessa Tamoios, 40 – Loja A | Flamengo, Rio de Janeiro – RJ",Flamengo,"https://www.google.com/maps/search/?api=1&query=Travessa%20Tamoios,%2040%20–%20Loja%20A%20|%20Flamengo,%20Rio%20de%20Janeiro%20–%20RJ",http://www.comidadibuteco.com.br/balaio-do-ze/,(21) 3796-5340,"Segundas, das 11h30 às 24hTerças, das 11h30 às 24hQuartas, das 11h30 às 24hQuintas, das 11h30 às 24hSextas, das 11h30 às 24hSábados, das 11h30 às 24hDomingos, das 11h30 às 24h"
FALSE,Balbino’s – Delícia de Costela,Delícia de Costela,Croquetes de costela servidos com geleia de pimenta da casa e mostarda escura.,,"Praça Do Bandolim, 296 | Curicica, Rio de Janeiro – RJ",Curicica,"https://www.google.com/maps/search/?api=1&query=Praça%20Do%20Bandolim,%20296%20|%20Curicica,%20Rio%20de%20Janeiro%20–%20RJ",http://www.comidadibuteco.com.br/balbino-delicia-de-costela/,(21) 2441-0747,"Quartas, das 11h30 às 18hQuintas, das 11h30 às 20hSextas, das 11h30 às 20hSábados, das 11h30 às 20hDomingos, das 11h30 às 18h"
FALSE,Bar da Gema,Ancestralidade,"Deliciosa moela com bacon no molho da casa, coberta por uma polenta mole com farofa de bacon.",,"Rua Barão de Mesquita, 615 – Lojas C e D | Tijuca, Rio de Janeiro – RJ",Tijuca,"https://www.google.com/maps/search/?api=1&query=Rua%20Barão%20de%20Mesquita,%20615%20–%20Lojas%20C%20e%20D%20|%20Tijuca,%20Rio%20de%20Janeiro%20–%20RJ",http://www.comidadibuteco.com.br/bar-da-gema/,(21) 3549-0857,"Terças, das 17h às 23hQuartas, das 17h às 23hQuintas, das 17h às 23hSextas, das 17h às 23hSábados, das 12h às 23hDomingos, das 12h às 17h"
FALSE,Bar da Laura,Bolinéte,Bolinho com massa de batata e frango recheado com catupiry e calabresa.,,"Rua Visconde do Uruguai, 183 | Centro, Niterói – RJ",Centro,"https://www.google.com/maps/search/?api=1&query=Rua%20Visconde%20do%20Uruguai,%20183%20|%20Centro,%20Niterói%20–%20RJ",http://www.comidadibuteco.com.br/bar-da-laura/,(21) 99981-4199,"Segundas, das 10h às 24hTerças, das 10h às 24hQuartas, das 10h às 24hQuintas, das 10h às 24hSextas, das 10h às 24hSábados, das 12h às 24hDomingos, das 12h às 24h"
FALSE,Bar da Portuguesa,Romário e Edmundo,Deliciosas torteletes da Dondon nos sabores bacalhau e siri.,,"Rua Custódio Nunes, 155 – Loja D | Ramos, Rio de Janeiro – RJ",Ramos,"https://www.google.com/maps/search/?api=1&query=Rua%20Custódio%20Nunes,%20155%20–%20Loja%20D%20|%20Ramos,%20Rio%20de%20Janeiro%20–%20RJ",http://www.comidadibuteco.com.br/bar-da-portuguesa/,(21) 3486-2472,"Terças, das 17h30 às 23hQuartas, das 17h30 às 23hQuintas, das 17h30 às 23hSextas, das 17h30 às 24hSábados, das 12h às 21hDomingos, das 12h às 17h"
FALSE,Bar do David,Ousadia,"Bolinho de abóbora com ora-pro-nóbis e coco, recheado com camarão.",,"Ladeira Ari Barroso, 66 – Chapéu Mangueira -Loja 3 | Leme, Rio de Janeiro – RJ",Leme,"https://www.google.com/maps/search/?api=1&query=Ladeira%20Ari%20Barroso,%2066%20–%20Chapéu%20Mangueira%20-Loja%203%20|%20Leme,%20Rio%20de%20Janeiro%20–%20RJ",http://www.comidadibuteco.com.br/bar-do-david/,(21) 96483-1046,"Terças, das 12h às 21hQuartas, das 12h às 21hQuintas, das 12h às 21hSextas, das 12h às 22hSábados, das 12h às 22hDomingos, das 12h às 22h"
FALSE,Bar do Elson,Chalanas da Gigóia,"Barcas de mandioca com carne de sol, cebola crispy e geleia de pimenta.",,"Alameda Dalton Barreto (Ilha da Gigóia), 40 – Loja | Barra da Tijuca, Rio de Janeiro – RJ",Barra da Tijuca,"https://www.google.com/maps/search/?api=1&query=Alameda%20Dalton%20Barreto%20(Ilha%20da%20Gigóia),%2040%20–%20Loja%20|%20Barra%20da%20Tijuca,%20Rio%20de%20Janeiro%20–%20RJ",http://www.comidadibuteco.com.br/bar-do-elson/,(21) 99030-6764,"Segundas, das 11h às 23hTerças, das 11h às 23hQuartas, das 11h às 23hQuintas, das 11h às 23hSextas, das 11h às 23hSábados, das 11h às 23hDomingos, das 11h às 23h"
FALSE,Bar do Gallo,Dois Amores que Debutam,"Tradicional feijão branco feito com costela, lombo e calabresa e uma deliciosa dobradinha bem temperada ao molho. Juntando os dois, formamos a maravilhosa Tripa Lombeira Portuguesa. Junto vem um brinde de comer amando.",,"Rua Cidade do Rio, 185 | Taquara, Rio de Janeiro – RJ",Taquara,"https://www.google.com/maps/search/?api=1&query=Rua%20Cidade%20do%20Rio,%20185%20|%20Taquara,%20Rio%20de%20Janeiro%20–%20RJ",http://www.comidadibuteco.com.br/bar-do-gallo/,(21) 96447-3827,"Terças, das 16h às 22hQuartas, das 16h às 22hQuintas, das 16h às 22hSextas, das 16h às 22hSábados, das 12h às 23hDomingos, das 12h às 21h"
FALSE,Bar do Jorginho,Cura Ressaca na Beira do Mar,"Moqueca de banana-da-terra com camarão, acompanhados de farofa de camarão e torrada.",,"Praia Praia de Itaipu, 20 – A | Itaipu, Niterói – RJ",Itaipu,"https://www.google.com/maps/search/?api=1&query=Praia%20Praia%20de%20Itaipu,%2020%20–%20A%20|%20Itaipu,%20Niterói%20–%20RJ",http://www.comidadibuteco.com.br/bar-do-jorginho/,(21) 98776-0770,"Segundas, das 9h às 17hTerças, das 9h às 17hQuartas, das 9h às 17hQuintas, das 9h às 17hSábados, das 9h às 17hSábados, das 9h às 17hDomingos, das 9h às 17h"
FALSE,Bar do Mariano,O Bom Filho À Casa Torna,"Pão aberto com blend de carnes desfiadas temperadas ao vinho tinto seco com especiarias da casa e queijo, acompanha molho barbecue e alho torrado.",,"Rua Professor Valadares, 78 | Grajaú, Rio de Janeiro – RJ",Grajaú,"https://www.google.com/maps/search/?api=1&query=Rua%20Professor%20Valadares,%2078%20|%20Grajaú,%20Rio%20de%20Janeiro%20–%20RJ",http://www.comidadibuteco.com.br/bar-do-mariano/,(21) 2578-1232,"Segundas, das 11h30 às 22h30Terças, das 11h30 às 22h30Quartas, das 11h30 às 22h30Quintas, das 11h30 às 22h30Sextas, das 11h30 às 24hSábados, das 11h30 às 24hDomingos, das 11h30 às 22h30"
FALSE,Bar do Mineiro,Triângulo Mineiro,"Seis bolinhos: dois de frango com quiabo e angu (polenta), 2 de linguiça com queijo e 2 de jiló com linguiça.",,"Rua Paschoal Carlos Magno, 99 | Santa Teresa, Rio de Janeiro – RJ",Santa Teresa,"https://www.google.com/maps/search/?api=1&query=Rua%20Paschoal%20Carlos%20Magno,%2099%20|%20Santa%20Teresa,%20Rio%20de%20Janeiro%20–%20RJ",http://www.comidadibuteco.com.br/bar-do-mineiro/,(21) 2221-9227,"Terças, das 11h às 23hQuartas, das 11h às 23hQuintas, das 11h às 23hSextas, das 11h às 23hSábados, das 11h às 23hDomingos, das 11h às 22h"
FALSE,Bar do Momo,Agora Eu sou Diretoria,"Maçã do peito com polenta, acompanha vinagrete de pimenta-de-cheiro.",,"Rua General Espírito Santo Cardoso, 50 – Loja A | Tijuca, Rio de Janeiro – RJ",Tijuca,"https://www.google.com/maps/search/?api=1&query=Rua%20General%20Espírito%20Santo%20Cardoso,%2050%20–%20Loja%20A%20|%20Tijuca,%20Rio%20de%20Janeiro%20–%20RJ",http://www.comidadibuteco.com.br/bar-do-momo/,(21) 2570-9389,"Segundas, das 12h às 22hQuartas, das 12h às 22hQuintas, das 12h às 22hSextas, das 12h às 22hSábados, das 12h às 22h"
FALSE,Bar do Omar,Caldo de Aipim com Camarão Contado,Caldo de aipim com camarão.,,"Rua Sara, 114 | Santo Cristo, Rio de Janeiro – RJ",Santo Cristo,"https://www.google.com/maps/search/?api=1&query=Rua%20Sara,%20114%20|%20Santo%20Cristo,%20Rio%20de%20Janeiro%20–%20RJ",http://www.comidadibuteco.com.br/bar-do-omar/,(21) 95905-0680,"Quintas, das 17h às 23hSextas, das 17h às 24hSábados, das 12h às 24hDomingos, das 12h às 22h"
FALSE,Bar do Pernambuco,Surpresinha da Antonia,Delicioso creme de aipim com rabada desfiada e molho de agrião.,,"Rua Marechal Deodoro, 216 | Centro, Niterói – RJ",Centro,"https://www.google.com/maps/search/?api=1&query=Rua%20Marechal%20Deodoro,%20216%20|%20Centro,%20Niterói%20–%20RJ",http://www.comidadibuteco.com.br/bar-do-pernambuco/,(21) 3617-7010,"Segundas, das 11h às 23hTerças, das 11h às 23hQuartas, das 11h às 23hQuintas, das 11h às 23hSextas, das 11h às 23hSábados, das 11h às 23h"
FALSE,Bar do Tino,"Demorei, Mas Cheguei Defumado",Panquecas coloridas (tradicional e espinafre) com recheio de costela suína no bafo defumada com bacon e muçarela. Molho de tomate com queijo parmesão.,,"Rua Almirante Alexandrino, 3780 | Santa Teresa, Rio de Janeiro – RJ",Santa Teresa,"https://www.google.com/maps/search/?api=1&query=Rua%20Almirante%20Alexandrino,%203780%20|%20Santa%20Teresa,%20Rio%20de%20Janeiro%20–%20RJ",http://www.comidadibuteco.com.br/bar-do-tino/,(21) 3490-3078,"Quintas, das 12h às 19hSextas, das 12h às 19hSábados, das 12h às 19hDomingos, das 12h às 19h"
FALSE,Bar du Barão,Nobre Polenta na Costela Du Barão,"Polenta frita, crocante por fora e macia por dentro, com uma camada de queijo derretido, suculenta costelinha suína desfiada, molho teriyaki, gergelim preto e branco e salsinha.",,"Rua Castro Barbosa, 36 – Loja A | Grajaú.- Rio de Janeiro - RJ",Grajaú,"https://www.google.com/maps/search/?api=1&query=Rua%20Castro%20Barbosa,%2036%20–%20Loja%20A%20|%20Grajaú.-%20Rio%20de%20Janeiro%20-%20RJ",http://www.comidadibuteco.com.br/bar-du-barao/,(21) 98458-9484,"Terças, das 16h às 24hQuartas, das 16h às 24hQuintas, das 00h às 24hSextas, das 00h às 24hSábados, das 11h às 23hDomingos, das 11h às 23h"
FALSE,Bar Palhinha,Arca de Noé,Arca de abobrinha recheada com camarão e gratinada com queijo.,,"Rua Humaitá, 12 – Loja C | Humaitá, Rio de Janeiro – RJ",Humaitá,"https://www.google.com/maps/search/?api=1&query=Rua%20Humaitá,%2012%20–%20Loja%20C%20|%20Humaitá,%20Rio%20de%20Janeiro%20–%20RJ",http://www.comidadibuteco.com.br/bar-palhinha/,(21) 2539-5709,"Terças, das 12h às 24hQuartas, das 12h às 24hQuintas, das 12h às 24hSextas, das 12h às 24hSábados, das 12h às 24hDomingos, das 12h às 20h"
FALSE,Bar Sambódromo,Tirando a Barriga da Miséria,Bolinho de batata recheado com barriga de porco defumada.,,"Avenida Salvador De Sá, 77 | Cidade Nova, Rio de Janeiro – RJ",Cidade Nova,"https://www.google.com/maps/search/?api=1&query=Avenida%20Salvador%20De%20Sá,%2077%20|%20Cidade%20Nova,%20Rio%20de%20Janeiro%20–%20RJ",http://www.comidadibuteco.com.br/bar-sambodromo/,(21) 2293-6703,"Terças, das 12h às 23hQuartas, das 12h às 23hQuintas, das 12h às 23hSextas, das 12h às 23hSábados, das 12h às 23hDomingos, das 12h às 23h"
FALSE,Bar Santo Remédio,Abóbora Solar,"Delicioso bolinho de abóbora cabotiá recheado com carne de sol e requeijão do Norte de fundo de tacho, para uma cremosidade única. Acompanha um refrescante molho lambão de abóbora, tomate, gengibre, cebola roxa e pimentas.",,"Rua Barão de Mesquita, 922 | Grajaú, Rio de Janeiro – RJ",Grajaú,"https://www.google.com/maps/search/?api=1&query=Rua%20Barão%20de%20Mesquita,%20922%20|%20Grajaú,%20Rio%20de%20Janeiro%20–%20RJ",http://www.comidadibuteco.com.br/bar-santo-remedio/,(21) 3217-3515,"Terças, das 12h às 22hQuartas, das 12h às 22hQuintas, das 12h às 22hSextas, das 12h às 23hSábados, das 12h às 23hDomingos, das 12h às 18h"
FALSE,Bar Simplesmente,Porco do Simples,Sanduíche de pernil regado com molhos da casa.,,"Rua Paschoal Carlos Magno, 115 | Santa Teresa, Rio de Janeiro – RJ",Santa Teresa,"https://www.google.com/maps/search/?api=1&query=Rua%20Paschoal%20Carlos%20Magno,%20115%20|%20Santa%20Teresa,%20Rio%20de%20Janeiro%20–%20RJ",http://www.comidadibuteco.com.br/bar-simplesmente/,(21) 2507-1365,"Terças, das 16h às 24hQuartas, das 16h às 24hQuintas, das 16h às 24hSextas, das 16h às 24hSábados, das 12h às 24hDomingos, das 12h às 24h"
FALSE,Berton Botequim e Restaurante,Porco Atolado,Três cubos (240g) de costela suína desfiada com camada de purê de batata baroa e molho barbecue defumado com raspa de rapadura.,,"Rua Geraldo Martins, 54 – Loja 101/102 | Icaraí, Niterói – RJ",Icaraí,"https://www.google.com/maps/search/?api=1&query=Rua%20Geraldo%20Martins,%2054%20–%20Loja%20101/102%20|%20Icaraí,%20Niterói%20–%20RJ",http://www.comidadibuteco.com.br/berton-botequim-e-restaurante/,(21) 36296545,"Segundas, das 11h às 2hTerças, das 11h às 2hQuartas, das 11h às 2hQuintas, das 11h às 2hSextas, das 11h às 2hSábados, das 11h às 2hDomingos, das 11h às 2h"
FALSE,Biroska do Camarão,Que tititi é esse?,Abobrinha recheada com filé-mignon suíno acompanhado de molho de abacaxi.,,"Rua Antônio Sales, 4 | Colônia Z10, Rio de Janeiro – RJ",Colônia Z10,"https://www.google.com/maps/search/?api=1&query=Rua%20Antônio%20Sales,%204%20|%20Colônia%20Z10,%20Rio%20de%20Janeiro%20–%20RJ",http://www.comidadibuteco.com.br/biroska-do-camarao/,(21) 98900-8547,"Quartas, das 12h às 22h30Quintas, das 12h às 22h30Sextas, das 12h às 22h30Sábados, das 12h às 22h30Domingos, das 12h às 18h"
FALSE,Bistrô Aconchego,Temos Banana!,Angu de banana verde com ragu de linguiça. Surpreendentemente delicioso!,,"Rua Das Rosas, 1500 | Vila Valqueire, Rio de Janeiro – RJ",Vila Valqueire,"https://www.google.com/maps/search/?api=1&query=Rua%20Das%20Rosas,%201500%20|%20Vila%20Valqueire,%20Rio%20de%20Janeiro%20–%20RJ",http://www.comidadibuteco.com.br/bistro-aconchego/,(21) 98284-3962,"Terças, das 18h às 23hQuartas, das 18h às 23hQuintas, das 18h às 23hSextas, das 18h às 24hSábados, das 12h à 1hDomingos, das 12h às 22h"
FALSE,Bobô Bar,Deu Match! Esse Encontro Não é Bolinho Não!,"Dupla de bolinhos: 2 bolinhos de feijoada recheados com couve, linguiça fina e bacon. 2 bolinhos de arroz com blend de queijo, bacon, salsinha e molho chutney apimentado.",,"Rua Manuela Barbosa, 45 | Méier, Rio de Janeiro – RJ",Méier,"https://www.google.com/maps/search/?api=1&query=Rua%20Manuela%20Barbosa,%2045%20|%20Méier,%20Rio%20de%20Janeiro%20–%20RJ",http://www.comidadibuteco.com.br/bobo-bar/,(21) 3495-8223,"Segundas, das 17h à 23h30Terças, das 17h à 23h30Quartas, das 17h à 23h30Quintas, das 17h à 23h30Sextas, das 17h à 1hSábados, das 12h à 1hDomingos, das 12h às 23h"
FALSE,Bode Cheiroso,Junto e Misturado,Ragu de rabada com purê de batata e queijo. Acompanha pesto de agrião e pimenta.,,"Rua General Canabarro, 218 | Maracanã, Rio de Janeiro – RJ",Maracanã,"https://www.google.com/maps/search/?api=1&query=Rua%20General%20Canabarro,%20218%20|%20Maracanã,%20Rio%20de%20Janeiro%20–%20RJ",http://www.comidadibuteco.com.br/bode-cheiroso/,(21) 2568-9511,"Quartas, das 11h às 21hQuintas, das 11h às 21hSextas, das 11h às 21hSábados, das 11h às 21hDomingos, das 11h às 17h"
FALSE,Boemia Social Clube,A União faz a Força e Uniu a Rabada e a Tapioca!,Empadinha de tapioca com recheio de rabada. Acompanha geleia de bacon apimentada.,,"Avenida Oliveira Belo, 1180 – Loja E | Vila da Penha, Rio de Janeiro – RJ",Vila da Penha,"https://www.google.com/maps/search/?api=1&query=Avenida%20Oliveira%20Belo,%201180%20–%20Loja%20E%20|%20Vila%20da%20Penha,%20Rio%20de%20Janeiro%20–%20RJ",http://www.comidadibuteco.com.br/boemia-social-clube/,(21) 3190-5979,"Segundas, das 12h às 24hTerças, das 12h às 24hQuartas, das 12h às 24hQuintas, das 12h às 24hSextas, das 12h às 24hSábados, das 12h às 24hDomingos, das 12h às 24h"
FALSE,Booze Bar,Bacon porque te quiero,"Suculento creme de bacon, cream cheese, parmesão e cebola roxa, servido com tortilhas supercrocantes temperadas com especiarias e bacon caramelizado.",,"Avenida Mem de Sá, 63 | Lapa, Rio de Janeiro – RJ",Lapa,"https://www.google.com/maps/search/?api=1&query=Avenida%20Mem%20de%20Sá,%2063%20|%20Lapa,%20Rio%20de%20Janeiro%20–%20RJ",http://www.comidadibuteco.com.br/booze-bar/,(21) 2252-1588,"Terças, das 12h às 23hQuartas, das 12h às 23hQuintas, das 12h às 24hSextas, das 12h à 1hSábados, das 12h à 1hDomingos, das 12h às 17h"
FALSE,Boteco Bendito Jamón,Vitrine de Boteco,"Porções com torresmo, pernil, batata calabresa e bolovo recheado.",,"Avenida Brás de Pina, 2968 | Vista Alegre, Rio de Janeiro – RJ",Vista Alegre,"https://www.google.com/maps/search/?api=1&query=Avenida%20Brás%20de%20Pina,%202968%20|%20Vista%20Alegre,%20Rio%20de%20Janeiro%20–%20RJ",http://www.comidadibuteco.com.br/boteco-bendito-jamon/,(21) 3689-6604,"Segundas, das 16h à 0h30Terças, das 16h à 0h30Quartas, das 16h à 0h30Quintas, das 16h à 0h30Sextas, das 16h à 0h30Sábados, das 12h à 1h30Domingos, das 12h à 0h30"
FALSE,Boteco Carioquinha,Bananinha Atolada,"Pedaços de bananinha bovina (subcorte do contrafilé), levemente defumada, cozidos com temperos e cerveja preta artesanal, atolados em aipim cozido no caldo da carne.",,"Avenida Gomes Freire, 822 | Lapa, Rio de Janeiro – RJ",Lapa,"https://www.google.com/maps/search/?api=1&query=Avenida%20Gomes%20Freire,%20822%20|%20Lapa,%20Rio%20de%20Janeiro%20–%20RJ",http://www.comidadibuteco.com.br/boteco-carioquinha/,(21) 2252-3025,"Terças, das 11h às 24hQuartas, das 11h às 24hQuintas, das 11h às 24hSextas, das 11h à 1hSábados, das 11h à 1hDomingos, das 11h às 22h"
FALSE,Boteco do Lobo,Croquete de Pernil Suíno da Tia Regina,"Croquete de pernil suíno com calabresa e queijo, empanado na farinha de torresmo, servido com mostarda preta e geleia de damasco com pimenta.",,"Rua Carmem de Freitas Salgado, 237 | Califórnia, Nova Iguaçu – RJ",Califórnia,"https://www.google.com/maps/search/?api=1&query=Rua%20Carmem%20de%20Freitas%20Salgado,%20237%20|%20Califórnia,%20Nova%20Iguaçu%20–%20RJ",http://www.comidadibuteco.com.br/boteco-do-lobo/,(21) 3584-8184,"Segundas, das 12h às 22hTerças, das 12h às 22hQuartas, das 12h às 22hQuintas, das 12h às 22hSextas, das 12h às 23hSábados, das 12h às 23hDomingos, das 12h às 21h"
FALSE,Boteco do Raoni,Moquecai de Boca,Bolinho de moqueca.,,"Barão de Mesquita, 965 – Loja B | Grajaú, Rio de Janeiro - RJ",Grajaú,"https://www.google.com/maps/search/?api=1&query=Barão%20de%20Mesquita,%20965%20–%20Loja%20B%20|%20Grajaú,%20Rio%20de%20Janeiro%20-%20RJ",http://www.comidadibuteco.com.br/boteco-do-raoni/,(21) 3570-6162,"Segundas, das 11h às 23hTerças, das 11h às 23hQuartas, das 11h às 23hQuintas, das 11h às 23hSextas, das 11h às 23hSábados, das 11h às 23hDomingos, das 11h às 23h"
FALSE,Boteco do Teixeira,Teixeira Apelou!,"Creme de bacalhau gratinado, pimentões coloridos, cebola e alho. Acompanha uma deliciosa crostini de parmesão e azeite temperado no alho e bacon!",,"Rua General Venâncio Flores, 594 | Jd. Vinte e Cinco de Agosto, Duque de Caxias – RJ",Jardim Vinte e Cinco de Agosto,"https://www.google.com/maps/search/?api=1&query=Rua%20General%20Venâncio%20Flores,%20594%20|%20Jd.%20Vinte%20e%20Cinco%20de%20Agosto,%20Duque%20de%20Caxias%20–%20RJ",http://www.comidadibuteco.com.br/boteco-do-teixeira/,(21) 2772-4258,"Segundas, das 12h às 23hTerças, das 12h às 23hQuartas, das 12h às 23hQuintas, das 12h às 23hSextas, das 12h às 23hSábados, das 12h às 23hDomingos, das 16h às 23h"
FALSE,Boteco Vou Demais,Bolinho Inspiração,"Bolinho de carne recheado com queijo provolone, acompanhado de queijo cremoso, geleia de pimenta e mostarda escura.",,"Rua Paula Brito, 240 | Andaraí, Rio de Janeiro – RJ",Andaraí,"https://www.google.com/maps/search/?api=1&query=Rua%20Paula%20Brito,%20240%20|%20Andaraí,%20Rio%20de%20Janeiro%20–%20RJ",http://www.comidadibuteco.com.br/boteco-vou-demais/,(21) 3437-0610,"Segundas, das 11h30 às 23hTerças, das 11h30 às 23hQuartas, das 11h30 às 23hQuintas, das 11h30 às 24hSextas, das 11h30 às 24hSábados, das 11h30 às 24hDomingos, das 11h30 às 19h"
FALSE,Botequim Chega Mais,Chega Mais no Camarão,"Deliciosos camarões médios submersos em cremoso mix de aipim, requeijão e palmito. Tudo isso gratinado no ponto certo.",,"Rua Barata Ribeiro, 247 | Copacabana, Rio de Janeiro – RJ",Copacabana,"https://www.google.com/maps/search/?api=1&query=Rua%20Barata%20Ribeiro,%20247%20|%20Copacabana,%20Rio%20de%20Janeiro%20–%20RJ",http://www.comidadibuteco.com.br/botequim-chega-mais/,(21) 2547-1210,"Segundas, das 12h à 1hTerças, das 12h à 1hQuartas, das 12h às 2hQuintas, das 12h às 2hSextas, das 12h às 2hSábados, das 12h às 2hDomingos, das 12h à 1h"
FALSE,Botequim Rio Antigo,"Parece, Mas Não É!!! Original do Rio Antigo: de Brás de Pina à Olaria, Esse Petisco é Alegria.","Petisco com formato de acarajé, feito com milho verde, recheado com cupim e frango. Acompanha molho de jabuticaba.",,"Rua Uranos, 1489 | Olaria, Rio de Janeiro – RJ",Olaria,"https://www.google.com/maps/search/?api=1&query=Rua%20Uranos,%201489%20|%20Olaria,%20Rio%20de%20Janeiro%20–%20RJ",http://www.comidadibuteco.com.br/botequim-rio-antigo/,(21) 3867-6124,"Terças, das 17h às 23hQuartas, das 17h às 23hQuintas, das 17h às 23hSextas, das 17h às 24hSábados, das 12h às 24hDomingos, das 12h às 22h"
FALSE,Brazuca,"Bebo Vem e Bebo Vai, Que Nem Maré. Balança, Mas Não Cai, Boêmio é…","Trio de bruschettas (brazuchettas) de bacalhau, pernil desfiado com crispy de couve e de chutney de frutas com especiarias.",,"Rua Luís Sá, 205 | Portuguesa, Rio de Janeiro – RJ",Portuguesa,"https://www.google.com/maps/search/?api=1&query=Rua%20Luís%20Sá,%20205%20|%20Portuguesa,%20Rio%20de%20Janeiro%20–%20RJ",http://www.comidadibuteco.com.br/brazuca/,(21) 4141-2300,"Terças, das 18h às 23hQuartas, das 18h às 23hQuintas, das 12h às 23hSextas, das 12h às 24hSábados, das 12h às 24hDomingos, das 12h às 22h"
FALSE,Buteco do Portuga,Próxima Parada: Estação Maxambomba! Vulcão Adormecido.,Batata recheada com creme de camarão.,,"Rua Coronel Francisco Soares, 1351 | Nova Iguaçu, Nova Iguaçu – RJ",Nova Iguaçu,"https://www.google.com/maps/search/?api=1&query=Rua%20Coronel%20Francisco%20Soares,%201351%20|%20Nova%20Iguaçu,%20Nova%20Iguaçu%20–%20RJ",http://www.comidadibuteco.com.br/buteco-do-portuga/,(21) 3773-0723,"Segundas, das 13h às 22hQuartas, das 13h às 22hQuintas, das 13h às 22hSextas, das 13h às 23hSábados, das 13h às 23hDomingos, das 16h às 21h"
FALSE,Buteco Maria Flor,A vida é uma Festa,"Costela suína e linguiça, marinados em especiarias e ervas frescas, acompanhados de um molho barbecue, farofa crocante e vinagrete.",,"Rua Gomes Braga, 5 – A | Andaraí, Rio de Janeiro – RJ",Andaraí,"https://www.google.com/maps/search/?api=1&query=Rua%20Gomes%20Braga,%205%20–%20A%20|%20Andaraí,%20Rio%20de%20Janeiro%20–%20RJ",http://www.comidadibuteco.com.br/buteco-maria-flor/,(21) 98370-9911,"Quartas, das 15h às 24hQuintas, das 15h às 24hSextas, das 15h às 24hSábados, das 13h às 24hDomingos, das 12h às 20hSegundas, das 15h às 24h"
FALSE,Buteko em Nome do Pai e do Filho,Quem Tem Medo do Lobo Mau?,"Três polpettas de porco (copa lombo) com berinjela, cubinhos de bacon e especiarias (tomilho, erva-doce e pimenta-do-reino), fritas, acompanhadas de um chutney de maçã com vinho branco, mostarda e mel levemente apimentado.",,"Rua Barão de Mesquita, 893 | Andaraí, Rio de Janeiro – RJ",Andaraí,"https://www.google.com/maps/search/?api=1&query=Rua%20Barão%20de%20Mesquita,%20893%20|%20Andaraí,%20Rio%20de%20Janeiro%20–%20RJ",http://www.comidadibuteco.com.br/buteko-em-nome-do-pai-e-do-filho/,(21) 3437-6166,"Terças, das 17h às 24hQuartas, das 17h às 24hQuintas, das 17h às 24hSextas, das 17h às 24hSábados, das 13h às 24hDomingos, das 13h às 22h"
FALSE,Cachambeer,Mini Costela de Roupa Nova,"A consagrada costela no bafo do Cachambeer volta ao CDB para comemorar os 20 anos do bar. Desta vez, repaginada, servida em uma versão mini, ela vem desfiada com farofa de carne seca na manteiga de garrafa e com o aipim cozido no caldo da costela.",,"Rua Cachambi, 475 – Lojas A E B | Cachambi, Rio de Janeiro – RJ",Cachambi,"https://www.google.com/maps/search/?api=1&query=Rua%20Cachambi,%20475%20–%20Lojas%20A%20E%20B%20|%20Cachambi,%20Rio%20de%20Janeiro%20–%20RJ",http://www.comidadibuteco.com.br/cachambeer/,(21) 3042-1640,"Terças, das 17h às 24hQuartas, das 17h às 24hQuintas, das 17h às 24hSextas, das 17h às 24hSábados, das 12h às 24hDomingos, das 12h às 18h"
FALSE,Caldo de Pinto,Amor de Bar,"Bacalhau e camarão gratinados, servidos com chips crocantes.",,"Rua Ministro João Alberto, Lote 40, Quadra 88 | Jd. Meriti, São João de Meriti – RJ",Jardim Meriti,"https://www.google.com/maps/search/?api=1&query=Rua%20Ministro%20João%20Alberto,%20Lote%2040,%20Quadra%2088%20|%20Jd.%20Meriti,%20São%20João%20de%20Meriti%20–%20RJ",http://www.comidadibuteco.com.br/caldo-de-pinto/,(21) 2751-0145,"Terças, das 18h às 23hQuartas, das 18h às 23hQuintas, das 18h às 23hSextas, das 18h às 23hSábados, das 13h às 23hDomingos, das 13h às 23h"
FALSE,Caneco 85,Caiçara Arretado,"Camarão puxado no alho e óleo, acompanhado de farofa de milharina e vinagrete de abacaxi com mel.",,"Rua São Salvador, 85 – Loja A | Flamengo, Rio de Janeiro – RJ",Flamengo,"https://www.google.com/maps/search/?api=1&query=Rua%20São%20Salvador,%2085%20–%20Loja%20A%20|%20Flamengo,%20Rio%20de%20Janeiro%20–%20RJ",http://www.comidadibuteco.com.br/caneco-85/,(21) 96460-2101,"Terças, das 17h às 24hQuartas, das 17h às 24hQuintas, das 17h às 24hSextas, das 17h às 24hSábados, das 13h às 23hDomingos, das 13h às 23h"
FALSE,Carpaccio,Siri Cascudo,Bolinhos de carne de siri recheados com queijo provolone e empanados em farinha Panko.,,"Rua Joana Kalil, 9 | Jardim Meriti, São João de Meriti - RJ",Jardim Meriti,"https://www.google.com/maps/search/?api=1&query=Rua%20Joana%20Kalil,%209%20|%20Jardim%20Meriti,%20São%20João%20de%20Meriti%20-%20RJ",http://www.comidadibuteco.com.br/carpaccio/,(21) 2699-0468,"Segundas, das 12h às 16hTerças, das 12h às 16hQuartas, das 12h às 16hQuintas, das 12h às 16hSextas, das 12h às 23hSábados, das 12h às 23hDomingos, das 12h às 16h"
FALSE,Casa da Sogra,Trio Marítimo,"Trio de crostinis recheados com sabores marítimos: vinagrete de mexilhão, polvo refogado com lâminas de parmesão e camarão refogado com cream cheese. Acompanhados pela saborosa geleia de pimenta da sogra e pesto de coentro.",,"Rua Praia de Itaipu, 22 – Travessa Tereza | Itaipu, Niterói – RJ",Itaipu,"https://www.google.com/maps/search/?api=1&query=Rua%20Praia%20de%20Itaipu,%2022%20–%20Travessa%20Tereza%20|%20Itaipu,%20Niterói%20–%20RJ",http://www.comidadibuteco.com.br/casa-da-sogra/,(21) 96448-8071,"Segundas, das 9h às 18hTerças, das 9h às 18hQuartas, das 9h às 18hQuintas, das 9h às 18hSextas, das 9h às 18hSábados, das 9h às 18hDomingos, das 9h às 18h"
FALSE,Casa do Galeto,Ninho do Galeto,Miúdos de frango acompanhados com polenta cremosa.,,"Rua Lino Teixeira, 304 – Loja A | Jacaré, Rio de Janeiro – RJ",Jacaré,"https://www.google.com/maps/search/?api=1&query=Rua%20Lino%20Teixeira,%20304%20–%20Loja%20A%20|%20Jacaré,%20Rio%20de%20Janeiro%20–%20RJ",http://www.comidadibuteco.com.br/casa-do-galeto/,(21) 98876-9029,"Terças, das 11h às 23hQuartas, das 11h às 23hQuintas, das 11h às 23hSextas, das 11h às 23hSábados, das 11h às 23hDomingos, das 11h às 22h"
FALSE,Cevina,Espírito de Porco,"Três casquinhas crocantes de copa lombo desfiada por 6 horas, creme de alho-poró com requeijão, queijo maçaricado, um punhado de crispy de aipim, finalizado com coentro e geleia de abacaxi com pimenta a gosto.",,"Rua General Venâncio Flores, 276 | Jardim Vinte e Cinco de Agosto, Duque de Caxias – RJ",Jardim Vinte e Cinco de Agosto,"https://www.google.com/maps/search/?api=1&query=Rua%20General%20Venâncio%20Flores,%20276%20|%20Jardim%20Vinte%20e%20Cinco%20de%20Agosto,%20Duque%20de%20Caxias%20–%20RJ",http://www.comidadibuteco.com.br/cevina/,(21) 3842-2525,"Segundas, das 12h às 24hTerças, das 12h às 24hQuartas, das 12h às 24hQuintas, das 12h às 24hSextas, das 12h às 24hSábados, das 16h às 24hDomingos, das 16h às 24h"
FALSE,Cine Botequim,Meu Petisco é uma Peça?,"6 bobs de massa de carne, recheados com purê de batata, presunto e queijos.",,"Rua Conselheiro Saraiva, 39 | Centro, Rio de Janeiro – RJ",Centro,"https://www.google.com/maps/search/?api=1&query=Rua%20Conselheiro%20Saraiva,%2039%20|%20Centro,%20Rio%20de%20Janeiro%20–%20RJ",http://www.comidadibuteco.com.br/cine-botequim/,(21) 2253-1414,"Segundas, das 12h às 23hTerças, das 12h às 23hQuartas, das 12h às 23hQuintas, das 12h às 23hSextas, das 12h às 23hSábados, das 12h às 17h"
FALSE,Coletivo Bar,Temaki Coletivo,"Temaki feito com massa de pastel em três sabores: camarão com alho-poró, parmesão, requeijão e crispy de bacon, linguiça toscana com cebola caramelizada, cream cheese e crispy de couve e lâminas de shitake na mantiega com cream cheese e crispy de alho-poró.",,"Rua Visconde de Itamarati, 115 – A | Maracanã, Rio de Janeiro – RJ",Maracanã,"https://www.google.com/maps/search/?api=1&query=Rua%20Visconde%20de%20Itamarati,%20115%20–%20A%20|%20Maracanã,%20Rio%20de%20Janeiro%20–%20RJ",http://www.comidadibuteco.com.br/coletivo-bar/,(21) 2567-2308,"Terças, das 17h às 24hQuartas, das 17h às 24hQuintas, das 17h às 24hSextas, das 17h às 24hSábados, das 17h às 24hDomingos, das 17h às 24h"
FALSE,Contemporâneo Lapa,Cama Picante,"Bolinho de chilli mexicano com carne e crosta de nachos. Acompanha um refrescante molho de guacamole e a nossa deliciosa couve mineira crispy, que dá aquele toque mineirês do chef… Bão demais da conta, uai!!",,"Avenida Gomes Freire, 625 – Loja A | Lapa, Rio de Janeiro – RJ",Lapa,"https://www.google.com/maps/search/?api=1&query=Avenida%20Gomes%20Freire,%20625%20–%20Loja%20A%20|%20Lapa,%20Rio%20de%20Janeiro%20–%20RJ",http://www.comidadibuteco.com.br/contemporaneo-lapa/,(21) 2507-1758,"Segundas, das 12h às 24hTerças, das 12h às 24hQuartas, das 12h às 24hQuintas, das 12h às 24hSextas, das 12h à 1hSábados, das 12h à 1hDomingos, das 12h às 24h"
FALSE,Costelas,Um Sonho de Petisco,"Bolinhos de aipim sem recheio, costela bovina defumada, desfiada, refogada em cerveja escura e aioli de agrião.",,"Rua Barão de Iguatemi, 408 | Praça da Bandeira, Rio de Janeiro – RJ",Praça da Bandeira,"https://www.google.com/maps/search/?api=1&query=Rua%20Barão%20de%20Iguatemi,%20408%20|%20Praça%20da%20Bandeira,%20Rio%20de%20Janeiro%20–%20RJ",http://www.comidadibuteco.com.br/costelas/,(21) 98133-7428,"Terças, das 11h30 às 17hQuartas, das 11h30 às 22hQuintas, das 11h30 às 22hSextas, das 11h30 às 22hSábados, das 11h30 às 22hDomingos, das 11h30 às 17h"
FALSE,Deck Bar e Restaurante,Costela Arrepiada Casada com Picada de Cobra,Costela no osso ao molho de maionese defumada.,,"Rua Alameda dos Ingás (Ilha da Gigóia), 190 – Casa B | Barra da Tijuca, Rio de Janeiro – RJ",Barra da Tijuca,"https://www.google.com/maps/search/?api=1&query=Rua%20Alameda%20dos%20Ingás%20(Ilha%20da%20Gigóia),%20190%20–%20Casa%20B%20|%20Barra%20da%20Tijuca,%20Rio%20de%20Janeiro%20–%20RJ",http://www.comidadibuteco.com.br/deck-bar-e-restaurante/,(21) 3738-0935,"Segundas, das 11h às 20hTerças, das 11h às 20hQuartas, das 11h às 20hQuintas, das 11h às 20hSextas, das 11h às 20hSábados, das 11h às 20hDomingos, das 11h às 20h"
FALSE,Deza Botequim,Paixão Nacional,"Delicioso caldinho de feijão com carnes nobres de feijoada (carne seca, lombo, costelinha e linguiças), fatias de arroz crocante, couve frita e geleia de laranja com pimenta.",,"Travessa Tamoios, 32 – Loja A | Flamengo, Rio de Janeiro – RJ",Flamengo,"https://www.google.com/maps/search/?api=1&query=Travessa%20Tamoios,%2032%20–%20Loja%20A%20|%20Flamengo,%20Rio%20de%20Janeiro%20–%20RJ",http://www.comidadibuteco.com.br/deza-botequim/,(21) 99644-4016,"Segundas, das 12h às 16hTerças, das 12h às 24hQuartas, das 12h às 24hQuintas, das 12h às 24hSextas, das 12h à 1hSábados, das 12h à 1hDomingos, das 12h às 20h"
FALSE,Dida Bar,Da África ao Brasil!,"Lombo suíno c/ molho de rapadura, feijões nossos de cada dia, bacon e linguiça. Acompanha bolinho de aipim recheado com carne desfiada e temperos africanos.",,"Rua Barão de Iguatemi, 379 | Praça da Bandeira, Rio de Janeiro – RJ",Praça da Bandeira,"https://www.google.com/maps/search/?api=1&query=Rua%20Barão%20de%20Iguatemi,%20379%20|%20Praça%20da%20Bandeira,%20Rio%20de%20Janeiro%20–%20RJ",http://www.comidadibuteco.com.br/dida-bar/,(21) 2504-0841,"Terças, das 16h às 22hQuartas, das 16h às 22hQuintas, das 12h às 23hSextas, das 12h às 23hSábados, das 12h às 23hDomingos, das 12h às 20h"
FALSE,Dom Pedro,Descasque Este Abacaxi,Camarões empanados no bacon e abacaxi ao molho.,,"Rua Francisco Manuel, 31 | Benfica, Rio de Janeiro – RJ",Benfica,"https://www.google.com/maps/search/?api=1&query=Rua%20Francisco%20Manuel,%2031%20|%20Benfica,%20Rio%20de%20Janeiro%20–%20RJ",http://www.comidadibuteco.com.br/dom-pedro/,(21) 3279-0092,"Segundas, das 12h às 22hTerças, das 12h às 22hQuartas, das 12h às 22hQuintas, das 12h às 22hSextas, das 12h às 22hSábados, das 12h às 21h30Domingos, das 12h às 17h"
FALSE,Edinho do Caranguejo,Meu Primo Siri-Mole,Caldinho nordestino de siri e peixe com leite de coco e tempero caseiro. Acompanha siri-mole inteiro para você deliciar-se com cada pedacinho.,,"Rua Humberto de Campos, 143 | Centro, Duque De Caxias – RJ",Centro,"https://www.google.com/maps/search/?api=1&query=Rua%20Humberto%20de%20Campos,%20143%20|%20Centro,%20Duque%20De%20Caxias%20–%20RJ",http://www.comidadibuteco.com.br/edinho-do-caranguejo/,(21) 2772-1319,"Segundas, das 12h à 23h30Terças, das 12h à 23h30Quartas, das 12h à 23h30Quintas, das 12h à 23h30Sextas, das 12h às 24hSábados, das 12h às 24h"
FALSE,Empório da Ovelha,Cordeiro de Deus: Sabor dos Deuses,"Mix de petiscos de cordeiro: 2 minikaftas + 2 bolinhas de linguiça + 2 croquetes, acompanhados de geleia de pimenta defumada e molho de hortelã.",,"Rua Álvares de Azevedo, 108 - Loja 102 | Icaraí, Niterói - RJ",Icaraí,"https://www.google.com/maps/search/?api=1&query=Rua%20Álvares%20de%20Azevedo,%20108%20-%20Loja%20102%20|%20Icaraí,%20Niterói%20-%20RJ",http://www.comidadibuteco.com.br/emporio-da-ovelha/,(21) 3619-0449,"Terças, das 12h às 23hQuartas, das 12h às 23hQuintas, das 12h às 23hSextas, das 12h às 23hSábados, das 12h às 23hDomingos, das 12h às 23h"
FALSE,Empório do Bacalhau,Bolinho Sex on The Beach,"Massa de bolinho de bacalhau, recheada com camarão e cream cheese, acompanhada de molho pesto, azeite extravirgem e ervas..",,"Rua Gabriel Lisboa, 5 – Loja B | Irajá, Rio de Janeiro – RJ",Irajá,"https://www.google.com/maps/search/?api=1&query=Rua%20Gabriel%20Lisboa,%205%20–%20Loja%20B%20|%20Irajá,%20Rio%20de%20Janeiro%20–%20RJ",http://www.comidadibuteco.com.br/emporio-do-bacalhau/,(21) 96482-8260,"Terças, das 11h às 24hQuartas, das 11h às 24hQuintas, das 11h às 24hSextas, das 11h à 1h30Sábados, das 11h à 1h30Domingos, das 10h à 1h30"
FALSE,Empório Quintana Boteco,Fogo no Picadinho!,"Picadinho de carne com molho da casa, cogumelo paris, chouriço português, cebola e alho. Gratinado com queijo. Pão e mix de pimentas.",,"Rua Capitão Félix, 110 – Av. Central, Loja 14 | Benfica, Rio de Janeiro – RJ",Benfica,"https://www.google.com/maps/search/?api=1&query=Rua%20Capitão%20Félix,%20110%20–%20Av.%20Central,%20Loja%2014%20|%20Benfica,%20Rio%20de%20Janeiro%20–%20RJ",http://www.comidadibuteco.com.br/emporio-quintana-boteco/,(21) 96017-3849,"Terças, das 11h às 19h30Quartas, das 11h às 19h30Quintas, das 11h às 19h30Sextas, das 11h às 19h30Sábados, das 11h às 19h30Domingos, das 10h30 às 17h"
FALSE,Empório Santa Oliva,Somos Nós,"Trio de cone de pastéis. A massa tradicional virou o cone, com três dos nossos principais recheios em uma nova versão butequeira. Inspirados na nossa oliveira, nasceram os molhos de azeitona e dois azeites: azeite com pimenta e azeite com ervas. Cone de pastel: camarão com cream cheese e alho-poró. Cone de pastel: carpaccio de mignon ao molho de gorgonzola. E cone de pastel vegetariano: com palmito, cebola roxa, salsa e pimenta-do-reino.",,"Avenida Tenente-Coronel Muniz de Aragão, 26 – Jacarepaguá | Anil, Rio de Janeiro – RJ",Anil,"https://www.google.com/maps/search/?api=1&query=Avenida%20Tenente-Coronel%20Muniz%20de%20Aragão,%2026%20–%20Jacarepaguá%20|%20Anil,%20Rio%20de%20Janeiro%20–%20RJ",http://www.comidadibuteco.com.br/emporio-santa-oliva/,(21) 3988-8489,"Terças, das 16h às 24hQuartas, das 16h às 24hQuintas, das 16h às 24hSextas, das 16h às 24hSábados, das 12h às 24hDomingos, das 12h às 22h"
FALSE,Enchendo Linguiça,Porras de Linguiça,"Borda de pizza recheada com paio Enchendo Linguiça, um caldinho de feijão para acompanhar e molho de pimenta.",,"Avenida Engenheiro Richard, 2 | Grajaú, Rio de Janeiro – RJ",Grajaú,"https://www.google.com/maps/search/?api=1&query=Avenida%20Engenheiro%20Richard,%202%20|%20Grajaú,%20Rio%20de%20Janeiro%20–%20RJ",http://www.comidadibuteco.com.br/enchendo-linguica/,(21) 2576-5727,"Terças, das 12h às 24h Quartas, das 12h às 24h Quintas, das 12h às 24h Sextas, das 12h à 1h Sábados, das 12h à 1h Domingos, das 12h às 21h"
FALSE,Folia do Boi,Swing Suíno,"Cama de aipim crocante, costela suína desfiada com azeite de ervas frescas e cebola “inevitável”. Finalizada com bacon e alho dourados, queijo coalho, salsa e pimentão vermelho assado na brasa. Acompanha farofa de farinha Panko puxada na manteiga, alho e salsa.",,"Rua Cachambi, 253 – Loja B | Cachambi, Rio de Janeiro – RJ",Cachambi,"https://www.google.com/maps/search/?api=1&query=Rua%20Cachambi,%20253%20–%20Loja%20B%20|%20Cachambi,%20Rio%20de%20Janeiro%20–%20RJ",http://www.comidadibuteco.com.br/folia-do-boi/,(21) 2261-0058,"Terças, das 11h às 23hQuartas, das 11h às 23hQuintas, das 11h às 23hSextas, das 11h às 24hSábados, das 11h30 às 24hDomingos, das 11h30 às 20h"
FALSE,Galpão Gourmet GG,Quintal de Casa,"Bolinho de arroz com costela bovina defumada em lenha de macieira com queijo, recheada de camarão em pedaços batido com cream cheese. Servido ao molho de endro com redução de laranjas.",,"Rua Ituverava, 665 | Anil, Rio de Janeiro – RJ",Anil,"https://www.google.com/maps/search/?api=1&query=Rua%20Ituverava,%20665%20|%20Anil,%20Rio%20de%20Janeiro%20–%20RJ",http://www.comidadibuteco.com.br/galpao-gourmet-gg/,(21) 3556-4389,"Terças, das 11h às 23h Quartas, das 11h às 23hQuintas, das 11h às 23hSextas, das 11h às 24hSábados, das 11h às 24hDomingos, das 11h às 18h"
FALSE,Gato de Botas,Gato Melado,Costela bovina desfiada à mineira com musseline de batata baroa e fio de melado. É pra se lambuzar!,,"Rua Torres Homem, 118 – Loja C | Vila Isabel, Rio de Janeiro – RJ",Vila Isabel,"https://www.google.com/maps/search/?api=1&query=Rua%20Torres%20Homem,%20118%20–%20Loja%20C%20|%20Vila%20Isabel,%20Rio%20de%20Janeiro%20–%20RJ",http://www.comidadibuteco.com.br/gato-de-botas/,(21) 3176-0084,"Terças, das 17h às 24hQuartas, das 17h às 24hQuintas, das 17h às 24hSextas, das 17h às 24hSábados, das 12h às 24hDomingos, das 12h às 23h"
FALSE,Granel,Panelada de Costela com Escabeche de Jiló,"Panelinha de costela bovina marinada em cerveja, feita em cozimento lento, desfiada, acebolada e finalizada com cebola crocante. Acompanha panelinha de jiló escabeche, refogado com pimentões coloridos, cebolas roxa e branca, ervas frescas e gratinada com misto queijos.",,"Rua Vereador Duque Estrada, 50 | Santa Rosa, Niterói – RJ",Santa Rosa,"https://www.google.com/maps/search/?api=1&query=Rua%20Vereador%20Duque%20Estrada,%2050%20|%20Santa%20Rosa,%20Niterói%20–%20RJ",http://www.comidadibuteco.com.br/granel/,(21) 3629-9629,"Terças, das 18h às 24hQuartas, das 18h às 24hQuintas, das 18h às 24hSextas, das 18h às 24hSábados, das 12h à 1hDomingos, das 12h às 18h"
FALSE,Hora Extra,Bifanas do João,"Delicioso sanduíche de porco banhando por um delicioso molho, finalizando com uma farofinha de costela temperada a parte.",,"Rua Arcozelo, 60 – Loja B | Vila Valqueire, Rio de Janeiro – RJ",Vila Valqueire,"https://www.google.com/maps/search/?api=1&query=Rua%20Arcozelo,%2060%20–%20Loja%20B%20|%20Vila%20Valqueire,%20Rio%20de%20Janeiro%20–%20RJ",http://www.comidadibuteco.com.br/hora-extra/,(21) 3269-3020,"Terças, das 18h às 24hQuartas, das 18h às 24hQuintas, das 18h às 24hSextas, das 18h às 24hSábados, das 15h às 24hDomingos, das 13h às 22h"
FALSE,Ilha do Sol,Del Rei,Sanduíche de lombo suíno ao molho barbecue no pão francês com acompanhamento de cubos de abacaxi caramelizado.,,"Rua Furquim Werneck, 110 | Paquetá, Rio de Janeiro – RJ",Paquetá,"https://www.google.com/maps/search/?api=1&query=Rua%20Furquim%20Werneck,%20110%20|%20Paquetá,%20Rio%20de%20Janeiro%20–%20RJ",http://www.comidadibuteco.com.br/ilha-do-sol/,(21) 99608-8110,"Segundas, das 10h às 21hTerças, das 10h às 21hQuintas, das 10h às 21hSextas, das 10h às 21hSábados, das 10h às 21hDomingos, das 10h às 21h"
FALSE,Liceu Grill,Rabada com Nhoque Frito,Ragu de rabada da vovó com nhoque frito.,,"Rua Nelson Mandela, 100 – Loja 104 | Botafogo, Rio de Janeiro – RJ",Botafogo,"https://www.google.com/maps/search/?api=1&query=Rua%20Nelson%20Mandela,%20100%20–%20Loja%20104%20|%20Botafogo,%20Rio%20de%20Janeiro%20–%20RJ",http://www.comidadibuteco.com.br/liceu-grill/,(21) 2537-6119,Horário:
FALSE,Maracuyá,Amor de Vó,Aligot de abóbora com carne desfiada e queijo coalho gratinado e chips de banana-da-terra.,,"Ilha Primeira, 13 | Barra, Rio de Janeiro – RJ",Barra da Tijuca,"https://www.google.com/maps/search/?api=1&query=Ilha%20Primeira,%2013%20|%20Barra,%20Rio%20de%20Janeiro%20–%20RJ",http://www.comidadibuteco.com.br/maracuya/,(21) 96592-5863,"Quartas, das 16h às 22hQuintas, das 16h às 22hSextas, das 16h às 22hSábados, das 12h às 22hDomingos, das 12h às 20h"
FALSE,Minha Joia,Cupim Cansado,"Cupim assado, cuscuz, aipim e farofa.",,"Avenida Almirante Tamandaré, 191 – Loja 115 | Piratininga, Niterói – RJ",Piratininga,"https://www.google.com/maps/search/?api=1&query=Avenida%20Almirante%20Tamandaré,%20191%20–%20Loja%20115%20|%20Piratininga,%20Niterói%20–%20RJ",http://www.comidadibuteco.com.br/minha-joia/,(21) 98448-0178,"Segundas, das 17h às 24hTerças, das 17h às 24hQuartas, das 17h às 24hQuintas, das 17h às 24hSextas, das 17h às 24hSábados, das 17h às 24hDomingos, das 17h às 17h"
FALSE,Mr. Meat,As Belas Coxas de Isabel,"Duas coxas de frango envolvidas no bacon, defumadas e finalizadas no molho de barbecue e conhaque. Acompanhadas de batatas rústicas assadas com tempero de ervas e vinagrete de mix de pimentões e cebola roxa.",,"Rua Visconde de Abaeté, 139 | Vila Isabel, Rio de Janeiro – RJ",Vila Isabel,"https://www.google.com/maps/search/?api=1&query=Rua%20Visconde%20de%20Abaeté,%20139%20|%20Vila%20Isabel,%20Rio%20de%20Janeiro%20–%20RJ",http://www.comidadibuteco.com.br/mr-meat/,(21) 96401-6410,"Terças, das 17h à 1hQuartas, das 17h à 1hQuintas, das 17h à 1hSextas, das 17h à 1hSábados, das 11h à 1hDomingos, das 11h à 1h"
FALSE,Nasceu do Sol,A Cara do Boteco,Moela de frango atolada no purê de mandioca com parmesão fresco.,,"Rua Castro Barbosa, 1039 – Loja B | Grajaú, Rio de Janeiro – RJ",Grajaú,"https://www.google.com/maps/search/?api=1&query=Rua%20Castro%20Barbosa,%201039%20–%20Loja%20B%20|%20Grajaú,%20Rio%20de%20Janeiro%20–%20RJ",http://www.comidadibuteco.com.br/nasceu-do-sol/,(21) 2268-0457,"Segundas, das 11h às 24hTerças, das 11h às 24hQuartas, das 11h às 24hQuintas, das 11h às 24hSextas, das 11h às 24hSábados, das 11h às 24hDomingos, das 11h às 23h"
FALSE,Noo Cachaçaria,Fé Noo Kibe,"Kibe recheado de cogumelos frescos, creme azedo e azeite defumado.",,"Rua Barão de Iguatemi, 358 – Loja B | Praça da Bandeira, Rio de Janeiro – RJ",Praça da Bandeira,"https://www.google.com/maps/search/?api=1&query=Rua%20Barão%20de%20Iguatemi,%20358%20–%20Loja%20B%20|%20Praça%20da%20Bandeira,%20Rio%20de%20Janeiro%20–%20RJ",http://www.comidadibuteco.com.br/noo-cachacaria/,(21) 99726-8608,"Terças, das 12h às 22hQuartas, das 12h às 22hQuintas, das 12h às 22hSextas, das 12h às 23hSábados, das 12h às 23hDomingos, das 12h às 17h"
FALSE,Oficina do Crepe,Que Loucura de Crepe!,Panqueca de crepe recheada de frango com catupiry empanado na farinha Panko.,,"Rua Castro Barbosa, 1011 | Grajaú, Rio de Janeiro – RJ",Grajaú,"https://www.google.com/maps/search/?api=1&query=Rua%20Castro%20Barbosa,%201011%20|%20Grajaú,%20Rio%20de%20Janeiro%20–%20RJ",http://www.comidadibuteco.com.br/oficina-do-crepe/,(21) 96424-4199,"Terças, das 19h às 2hQuartas, das 19h às 2hQuintas, das 19h às 2hSextas, das 19h às 2hSábados, das 19h às 2hDomingos, das 18h à 1h"
FALSE,Os Imortais,Kibizinho do Vovô,"Três deliciosos kibes de boteco recheados com queijo, amendoim, ovo e pimenta biquinho. Acompanha molho de coentro com azeite.",,"Rua Ronald de Carvalho, 147 – Loja A | Copacabana, Rio de Janeiro – RJ",Copacabana,"https://www.google.com/maps/search/?api=1&query=Rua%20Ronald%20de%20Carvalho,%20147%20–%20Loja%20A%20|%20Copacabana,%20Rio%20de%20Janeiro%20–%20RJ",http://www.comidadibuteco.com.br/os-imortais/,(21) 3563-8959,"Segundas, das 17h às 24hTerças, das 17h às 24hQuartas, das 17h à 1hQuintas, das 17h à 1hSextas, das 17h às 2hSábados, das 12h às 2hDomingos, das 12h às 24h"
FALSE,Palitus Bar,Bolinho de Mexilhão,Bolinho de mexilhão empanado servido com molho tártaro.,,"Avenida Carlos Ermelindo Marins, 501 | Jurujuba, Niterói – RJ",Jurujuba,"https://www.google.com/maps/search/?api=1&query=Avenida%20Carlos%20Ermelindo%20Marins,%20501%20|%20Jurujuba,%20Niterói%20–%20RJ",http://www.comidadibuteco.com.br/palitus-bar/,(21) 96822-6618,"Terças, das 17h às 24hQuartas, das 17h às 24hQuintas, das 17h às 24hSextas, das 17h às 24hSábados, das 17h às 24hDomingos, das 12h às 22h"
FALSE,Pasta da Nonna,Virando a Laje,"Risoto de arroz arbóreo, feito com caldo de mocotó e recheado com carne seca desfiada, bacon, linguiça calabresa, costelinha de porco. Acompanha molho de rapadura apimentada e vinagrete de azeitona.",,"Avenida Brasil, 367 – Duque de Caxias | Vila São Luís, Duque de Caxias – R",Vila São Luís,"https://www.google.com/maps/search/?api=1&query=Avenida%20Brasil,%20367%20–%20Duque%20de%20Caxias%20|%20Vila%20São%20Luís,%20Duque%20de%20Caxias%20–%20R",http://www.comidadibuteco.com.br/pasta-da-nonna/,(21) 3902-4780,"Segundas, das 18h às 24hTerças, das 18h às 24hQuartas, das 18h às 24hQuintas, das 18h às 24hSextas, das 18h às 24hSábados, das 13h às 24hDomingos, das 13h às 24h"
FALSE,Pastelaria do Lido,Trio Elétrico,"Três pastéis abertos recheados com três tipos de moquecas diferentes: polvo, siri e camarão, acompanhados de farofa crocante de dendê e pirão.",,"Praia José Bonifácio, 59 | Paquetá, Rio de Janeiro – RJ",Paquetá,"https://www.google.com/maps/search/?api=1&query=Praia%20José%20Bonifácio,%2059%20|%20Paquetá,%20Rio%20de%20Janeiro%20–%20RJ",http://www.comidadibuteco.com.br/pastelaria-do-lido/,(21) 3397-0280,"Quintas, das 10h às 17hSextas, das 10h às 21hSábados, das 9h às 22hDomingos, das 9h às 20h"
FALSE,Pescados na Brasa,Pastel Espia Parente,Pastel feito de tambaqui moído com queijo coalho recheado com camarão e cebola caramelizada. Acompanha maionese de jambu e molho de pimenta tucupi.,,"Rua Vítor Meireles, 92 | Riachuelo, Rio de Janeiro – RJ",Riachuelo,"https://www.google.com/maps/search/?api=1&query=Rua%20Vítor%20Meireles,%2092%20|%20Riachuelo,%20Rio%20de%20Janeiro%20–%20RJ",http://www.comidadibuteco.com.br/pescados-na-brasa/,(21) 99359-4753,"Terças, das 11h às 21h30Quartas, das 11h às 21h30Quintas, das 11h às 21h30Sextas, das 11h às 21h30Sábados, das 11h às 21h30Domingos, das 11h às 18h"
FALSE,Princesa da Lapa,Princesa do Mar,Tartar de frutos do mar com creme de mandioquinha.,,"Rua da Lapa, 128 | Centro, Rio de Janeiro – RJ",Centro,"https://www.google.com/maps/search/?api=1&query=Rua%20da%20Lapa,%20128%20|%20Centro,%20Rio%20de%20Janeiro%20–%20RJ",http://www.comidadibuteco.com.br/princesa-da-lapa/,(21) 2252-5866,"Terças, das 10h às 22hQuartas, das 10h às 22hQuintas, das 10h às 22hSextas, das 10h às 24hSábados, das 10h às 24hDomingos, das 12h às 18h"
FALSE,Quintal do Peter Espetaria,Espetinho do Boi,Espetinho de cupim assado acompanhado de berinjela à campanha e farofa da casa.,,"Rua Áurea Fonseca de Jesus, 204 | Califórnia, Nova Iguaçu – RJ",Califórnia,"https://www.google.com/maps/search/?api=1&query=Rua%20Áurea%20Fonseca%20de%20Jesus,%20204%20|%20Califórnia,%20Nova%20Iguaçu%20–%20RJ",http://www.comidadibuteco.com.br/quintal-do-peter-espetaria/,(21) 2695-5020,"Segundas, das 17h às 24hTerças, das 17h às 24hQuartas, das 17h às 24hQuintas, das 17h às 24hSextas, das 17h às 24hSábados, das 17h às 24hDomingos, das 17h às 24h"
FALSE,Quintal do Stuart,O QUE KISSO DAÍ HEIN!,"Croquete de fraldinha preparada na parrilla, acompanhado dos molhos caseiro de queijo parmesão e chimichurri.",,"Rua Cachambi, 438 | Cachambi, Rio de Janeiro – RJ",Cachambi,"https://www.google.com/maps/search/?api=1&query=Rua%20Cachambi,%20438%20|%20Cachambi,%20Rio%20de%20Janeiro%20–%20RJ",http://www.comidadibuteco.com.br/quintal-do-stuart/,(21) 97571-5776,"Terças, das 18h às 24hQuartas, das 18h às 24hQuintas, das 18h às 24hSextas, das 18h às 24hSábados, das 12h às 24hDomingos, das 12h às 18h"
FALSE,Real Chopp,A Realeza de Copacabana,Seis minirrisolis ao molho da casa.,,"Rua Barata Ribeiro, 319 | Copacabana, Rio de Janeiro – RJ",Copacabana,"https://www.google.com/maps/search/?api=1&query=Rua%20Barata%20Ribeiro,%20319%20|%20Copacabana,%20Rio%20de%20Janeiro%20–%20RJ",http://www.comidadibuteco.com.br/real-chopp/,(21) 2257-2645,"Terças, das 8h à 1hQuartas, das 8h à 1hQuintas, das 8h à 1hSextas, das 8h às 24hSábados, das 8h às 24hDomingos, das 8h às 24h"
FALSE,Rei do Bacalhau,1565 – O Petisco da Vitória,Bacalhau desfiado com camarão ao alho.,,"Rua Guilhermina, 596 – Parte | Encantado, Rio de Janeiro – RJ",Encantado,"https://www.google.com/maps/search/?api=1&query=Rua%20Guilhermina,%20596%20–%20Parte%20|%20Encantado,%20Rio%20de%20Janeiro%20–%20RJ",http://www.comidadibuteco.com.br/rei-do-bacalhau/,(21) 2289-7246,"Terças, das 11h às 22hQuartas, das 11h às 22hQuintas, das 11h às 22hSextas, das 11h às 23hSábados, das 11h às 23hDomingos, das 11h às 18h"
FALSE,Ruanita,Você já foi à Bahia?,"Uma verdadeira viagem à Bahia. Acarajé, catado de siri e cocadinha!",,"Rua Anita Garibaldi, 60 – Loja F | Copacabana, Rio de Janeiro – RJ",Copacabana,"https://www.google.com/maps/search/?api=1&query=Rua%20Anita%20Garibaldi,%2060%20–%20Loja%20F%20|%20Copacabana,%20Rio%20de%20Janeiro%20–%20RJ",http://www.comidadibuteco.com.br/ruanita/,(21) 98888-6236,"Segundas, das 18h às 24hTerças, das 18h às 24hQuartas, das 18h às 24hQuintas, das 18h às 24hSextas, das 18h às 24hSábados, das 12h às 24hDomingos, das 12h às 22h"
FALSE,Salete,"Aí, Garoto, Aqui o Risoto é do Manolo, sem frescura!","Risotinho de calabresa, bacon e com queijo parmesão. Sem arroz arbóreo. Receita original do seu Manolo, nosso fundador.",,"Rua Afonso Pena, 189 | Tijuca, Rio de Janeiro – RJ",Tijuca,"https://www.google.com/maps/search/?api=1&query=Rua%20Afonso%20Pena,%20189%20|%20Tijuca,%20Rio%20de%20Janeiro%20–%20RJ",http://www.comidadibuteco.com.br/salete/,(21) 2264-5163 (21) 2214-0408,"Terças, das 10h às 22hQuartas, das 10h às 22hQuintas, das 10h às 22hSextas, das 10h às 23hSábados, das 10h às 20hDomingos, das 10h às 20h"
FALSE,Santa Garrafa,Polpeteco,Polpetone bovino recheado com queijo empanado na farinha Panko e servido com dois molhos: bechamel e pomodoro.,,"Rua Teodoro da Silva, 747 | Grajaú, Rio de Janeiro – RJ",Grajaú,"https://www.google.com/maps/search/?api=1&query=Rua%20Teodoro%20da%20Silva,%20747%20|%20Grajaú,%20Rio%20de%20Janeiro%20–%20RJ",http://www.comidadibuteco.com.br/santa-garrafa/,(21) 4104-3815,"Terças, das 16h às 23hQuartas, das 16h às 23hQuintas, das 16h às 23hSextas, das 16h às 23hSábados, das 12h às 23hDomingos, das 12h às 20h"
FALSE,Simples Assim,Bobó no Berço,"Levíssima massa de aipim em forma de concha, coberta com delicioso creme de bobó de camarão acompanhado de fartos camarões.",,"Rua Paramopama, 365 | Ribeira, Rio de Janeiro – RJ",Ribeira,"https://www.google.com/maps/search/?api=1&query=Rua%20Paramopama,%20365%20|%20Ribeira,%20Rio%20de%20Janeiro%20–%20RJ",http://www.comidadibuteco.com.br/simples-assim/,(21) 3557-0018,"Quintas, das 11h às 18hSextas, das 11h à 23h30Sábados, das 11h à 23h30Domingos, das 11h às 18h"
FALSE,Tasca Carvalho,Bifanas a Lavrador,Um clássico das roulotes (comida portuguesa de rua).,,"Rua Ronald de Carvalho, 266 – Loja D | Copacabana, Rio de Janeiro – RJ",Copacabana,"https://www.google.com/maps/search/?api=1&query=Rua%20Ronald%20de%20Carvalho,%20266%20–%20Loja%20D%20|%20Copacabana,%20Rio%20de%20Janeiro%20–%20RJ",http://www.comidadibuteco.com.br/tasca-carvalho/,(21) 99957-9845,"Terças, das 18h à 1hQuartas, das 18h à 1hQuintas, das 18h à 1hSextas, das 18h à 1hSábados, das 16h à 1hDomingos, das 16h às 24h"
FALSE,Tibar,Porquinho Tirar – do Cremoso ao Pururuca,"Delicioso purê de batata com muito queijo, catupiry, com cobertura de costelinha de porco ao molho barbecue e crispy de cebola e torresmo.",,"Rua Salinópolis, 148 | Taquara, Rio de Janeiro – RJ",Taquara,"https://www.google.com/maps/search/?api=1&query=Rua%20Salinópolis,%20148%20|%20Taquara,%20Rio%20de%20Janeiro%20–%20RJ",http://www.comidadibuteco.com.br/tibar/,(21) 3486-4234,"Terças, das 12h às 24hQuartas, das 12h às 24hQuintas, das 12h às 24hSextas, das 12h às 24hSábados, das 12h às 24hDomingos, das 12h às 24h"
FALSE,Tô Careca de Saber,Delicinhas do Careca,Bolinhos de arroz com camarão com geleia de pimenta da casa.,,"Rua Cachambi, 394 | Cachambi, Rio de Janeiro – RJ",Cachambi,"https://www.google.com/maps/search/?api=1&query=Rua%20Cachambi,%20394%20|%20Cachambi,%20Rio%20de%20Janeiro%20–%20RJ",http://www.comidadibuteco.com.br/to-careca-de-saber/,(21) 98314-7817,"Terças, das 17h às 24hQuartas, das 17h às 24hQuintas, das 17h às 24hSextas, das 17h às 24hSábados, das 11h às 24hDomingos, das 11h às 16h"
FALSE,Umas e Ostras,Casquinha de Siri Gratinada,Casquinha de siri com purê de batata acompanhado de limão.,,"Rua Barão de Mesquita, 235 | Tijuca, Rio de Janeiro – RJ",Tijuca,"https://www.google.com/maps/search/?api=1&query=Rua%20Barão%20de%20Mesquita,%20235%20|%20Tijuca,%20Rio%20de%20Janeiro%20–%20RJ",http://www.comidadibuteco.com.br/umas-e-ostras/,(21) 2568-7128,"Terças, das 11h30 às 17hQuartas, das 11h30 às 17hQuintas, das 11h30 às 17hSextas, das 11h30 às 17hSábados, das 11h30 às 17hDomingos, das 11h30 às 17h"
FALSE,Vint 2 bar,Juntos & Misturados,"Um mix de três tipos de carnes, costela bovina, lombo suíno e carne seca. Desfiadas e servidos com deliciosos dadinhos refogados de abóbora, aipim e tapioca.",,"Estrada Rodrigues Caldas, 661 | Taquara, Rio de Janeiro – RJ",Taquara,"https://www.google.com/maps/search/?api=1&query=Estrada%20Rodrigues%20Caldas,%20661%20|%20Taquara,%20Rio%20de%20Janeiro%20–%20RJ",http://www.comidadibuteco.com.br/vint-2-bar/,(21) 3529-2222,"Terças, das 17h à 1hQuartas, das 17h à 1hQuintas, das 17h à 1hSextas, das 12h à 1hSábados, das 12h à 1hDomingos, das 12h às 22h"
FALSE,Zeca FC,Cadê o Zeca?,Escondidinho de rabada com batata baroa.,,"Rua Farme de Amoedo, 87 | Ipanema, Rio de Janeiro – RJ",Ipanema,"https://www.google.com/maps/search/?api=1&query=Rua%20Farme%20de%20Amoedo,%2087%20|%20Ipanema,%20Rio%20de%20Janeiro%20–%20RJ",http://www.comidadibuteco.com.br/zeca-fc/,(21) 3547-6875,"Segundas, das 9h às 23hTerças, das 9h às 23hQuartas, das 9h às 23hQuintas, das 9h às 23hSextas, das 9h às 23hSábados, das 9h às 23hDomingos, das 9h às 23h"
FALSE,Zeca’s Paquetá,Me Leva pra Paquetá,Joelho de porco com cebola caramelizada dentro de uma massa de batata-doce empanada na farinha Panko e frita. Acompanha molho de cerveja agridoce.,,"Praça Bom Jesus, 12 | Ilha de Paquetá, Rio de Janeiro – RJ",Paquetá,"https://www.google.com/maps/search/?api=1&query=Praça%20Bom%20Jesus,%2012%20|%20Ilha%20de%20Paquetá,%20Rio%20de%20Janeiro%20–%20RJ",http://www.comidadibuteco.com.br/zecas-paqueta/,(21) 3397-0322,"Quartas, das 11h às 21hQuintas, das 11h às 21hSextas, das 11h às 23hSábados, das 11h às 23hDomingos, das 11h às 21h"
FALSE,Zezimbar,Porquinho da Vovó,"Carne de porco com tempero exclusivo, acompanhada de molho barbecue de coca-cola e salada Coleslaw – repolhos, cenoura, maçã verde, iogurte, alho, limão, sal e pimenta – servida com torradas de pão italiano com toque de manteiga de ervas do chef.",,"Rua Barata Ribeiro, 354 – Loja D | Copacabana, Rio de Janeiro – RJ",Copacabana,"https://www.google.com/maps/search/?api=1&query=Rua%20Barata%20Ribeiro,%20354%20–%20Loja%20D%20|%20Copacabana,%20Rio%20de%20Janeiro%20–%20RJ",http://www.comidadibuteco.com.br/zezimbar/,(21) 2236-6363,"Segundas, das 12h às 24hTerças, das 12h às 24hQuartas, das 12h às 24hQuintas, das 12h às 24hSextas, das 12h às 24hSábados, das 12h às 24hDomingos, das 12h às 24h"
FALSE,Zinho Bier,Duplinha de Costela,Bruschettas de costela ao bafo no pão de alho e linguicinha de costela com farofa de biscoito da Bisa Lúcia. Acompanha molho à campanha de hortelã com alho confitado.,,"Rua São Luiz Gonzaga, 2330 | Benfica, Rio de Janeiro – RJ",Benfica,"https://www.google.com/maps/search/?api=1&query=Rua%20São%20Luiz%20Gonzaga,%202330%20|%20Benfica,%20Rio%20de%20Janeiro%20–%20RJ",http://www.comidadibuteco.com.br/zinho-bier/,(21) 3556-8310,"Segundas, das 11h às 16hTerças, das 11h às 16hQuartas, das 11h às 16hQuintas, das 11h às 23hSextas, das 11h às 23hSábados, das 11h às 23hDomingos, das 11h às 18h"